{
    "particles": {
      "number": {
        "value": 170,
        "density": {
          "enable": false,
          "value_area": 0
        }
      },
      "color": {
        "value": "#b5b5b5"
      },
      "shape": {
        "type": "circle",
        "stroke": {
          "width": 0,
          "color": "#000000"
        },
        "polygon": {
          "nb_sides": 3
        }
      },
      "opacity": {
        "value": 0.2886141709557941,
        "random": true,
        "anim": {
          "enable": false,
          "speed": 1,
          "opacity_min": 0.1,
          "sync": false
        }
      },
      "size": {
        "value": 10,
        "random": true,
        "anim": {
          "enable": false,
          "speed": 40,
          "size_min": 0.1,
          "sync": false
        }
      },
      "line_linked": {
        "enable": false,
        "distance": 2,
        "color": "#ffffff",
        "opacity": 0.1843923869995351,
        "width": 0
      },
      "move": {
        "enable": true,
        "speed": 1,
        "direction": "left",
        "random": false,
        "straight": false,
        "out_mode": "out",
        "bounce": true,
        "attract": {
          "enable": false,
          "rotateX": 6333.477640418815,
          "rotateY": 9059.278143890204
        }
      }
    },
    "interactivity": {
      "detect_on": "canvas",
      "events": {
        "onhover": {
          "enable": true,
          "mode": "grab"
        },
        "onclick": {
          "enable": true,
          "mode": "push"
        },
        "resize": true
      },
      "modes": {
        "grab": {
          "distance": 0,
          "line_linked": {
            "opacity": 1
          }
        },
        "bubble": {
          "distance": 400,
          "size": 40,
          "duration": 2,
          "opacity": 8,
          "speed": 3
        },
        "repulse": {
          "distance": 200,
          "duration": 0.4
        },
        "push": {
          "particles_nb": 4
        },
        "remove": {
          "particles_nb": 2
        }
      }
    },
    "retina_detect": true
  }